Fecha,lvl_h2o,Anio,Mes,wse_incertidumbre,ancho_m,reach_id_usado
2023-08-10,74.4073,2023,8,0.10143,147.84928,61209100051
2023-08-10,77.0943,2023,8,0.81664,653.065701,61209100031
2023-08-10,58.3077,2023,8,0.20606,1703.456044,61207000171
2023-08-10,55.7453,2023,8,0.09159,1621.662468,61207000161
2023-08-31,75.3357,2023,8,0.11852,144.776041,61209100051
2023-08-31,78.1886,2023,8,0.81727,666.639845,61209100031
2023-08-31,61.0418,2023,8,0.11055,1462.45203,61207000171
2023-08-31,56.4747,2023,8,0.09297,1319.723908,61207000161
2023-09-04,56.0175,2023,9,0.09356,889.25844,61207000161
2023-09-04,58.7103,2023,9,0.09151,1200.354743,61207000171
2023-09-04,74.7905,2023,9,0.11061,79.886435,61209100051
2023-09-04,77.716,2023,9,0.09102,840.373765,61209100031
2023-09-21,74.5927,2023,9,0.1158,145.577819,61209100051
2023-09-21,77.8568,2023,9,0.81587,582.151809,61209100031
2023-09-21,57.1856,2023,9,0.12126,1551.353739,61207000171
2023-09-21,54.1957,2023,9,0.1027,1519.725183,61207000161
2023-10-11,75.6739,2023,10,0.0977,190.333641,61209100051
2023-10-11,78.4833,2023,10,0.81672,685.91273,61209100031
2023-10-11,54.7924,2023,10,0.14515,1697.629379,61207000171
2023-10-11,48.7443,2023,10,0.13448,1186.673879,61207000161
2023-10-16,56.5231,2023,10,0.19952,466.997015,61207000161
2023-10-16,59.1806,2023,10,0.31341,452.771342,61207000171
2023-10-16,75.2182,2023,10,0.10605,141.279793,61209100051
2023-10-16,78.3262,2023,10,0.091,1004.923363,61209100031
2023-11-01,76.6388,2023,11,0.09428,186.180723,61209100051
2023-11-01,78.7804,2023,11,0.78023,630.076489,61209100031
2023-11-01,58.9414,2023,11,0.12683,1980.70086,61207000171
2023-11-01,56.9789,2023,11,0.09277,1356.133369,61207000161
2023-11-06,57.3827,2023,11,0.11822,33.720279,61207000161
2023-11-06,60.0538,2023,11,0.09607,713.615611,61207000171
2023-11-06,79.2088,2023,11,0.09097,1001.970791,61209100031
2023-11-06,76.4358,2023,11,0.13874,43.965147,61209100051
2023-11-22,75.9864,2023,11,0.09471,175.09358,61209100051
2023-11-22,78.4299,2023,11,0.81628,652.530074,61209100031
2023-11-22,58.9775,2023,11,0.09996,2061.716644,61207000171
2023-11-22,56.8837,2023,11,0.10585,1800.871619,61207000161
2023-11-27,56.854,2023,11,0.12264,33.359684,61207000161
2023-11-27,59.3105,2023,11,0.10012,303.689453,61207000171
2023-11-27,75.7011,2023,11,0.13387,44.460205,61209100051
2023-11-27,78.3728,2023,11,0.0912,883.384695,61209100031
2023-12-13,77.4007,2023,12,0.81641,606.889107,61209100031
2023-12-13,74.4884,2023,12,0.10013,157.267932,61209100051
2023-12-13,58.542,2023,12,0.10501,1827.717933,61207000171
2023-12-13,55.213,2023,12,0.09476,1130.459887,61207000161
2023-12-17,56.3162,2023,12,0.1427,8.959131,61207000161
2023-12-17,58.04,2023,12,0.09432,484.1532,61207000171
2023-12-17,74.9043,2023,12,0.10084,102.650333,61209100051
2023-12-17,78.0655,2023,12,0.09101,859.995514,61209100031
2024-01-03,75.3356,2024,1,0.12366,147.172904,61209100051
2024-01-03,78.0722,2024,1,0.81641,618.793158,61209100031
2024-01-03,59.404,2024,1,0.10064,1842.927928,61207000171
2024-01-03,56.3784,2024,1,0.09183,1640.229702,61207000161
2024-01-07,55.7115,2024,1,0.09338,673.691031,61207000161
2024-01-07,58.4372,2024,1,0.09366,1153.777479,61207000171
2024-01-07,74.9199,2024,1,0.15432,49.965404,61209100051
2024-01-07,78.1073,2024,1,0.09102,862.914791,61209100031
2024-01-24,74.2921,2024,1,0.10598,145.191457,61209100051
2024-01-24,77.1142,2024,1,0.81611,545.869463,61209100031
2024-01-24,56.7628,2024,1,0.15448,1506.598742,61207000171
2024-01-24,54.8368,2024,1,0.09832,1017.076321,61207000161
2024-01-28,55.1484,2024,1,0.0924,883.107212,61207000161
2024-01-28,57.8943,2024,1,0.09248,816.52277,61207000171
2024-01-28,74.1463,2024,1,0.09982,114.269758,61209100051
2024-01-28,77.5015,2024,1,0.09092,834.944335,61209100031
2024-02-14,78.0617,2024,2,0.8164,620.724954,61209100031
2024-02-14,74.6699,2024,2,0.10476,164.414193,61209100051
2024-02-14,58.924,2024,2,0.13639,1812.355672,61207000171
2024-02-14,55.4875,2024,2,0.09419,1200.398009,61207000161
2024-02-18,54.8549,2024,2,0.09396,794.770979,61207000161
2024-02-18,57.6234,2024,2,0.09162,847.663603,61207000171
2024-02-18,77.4993,2024,2,0.09097,860.116122,61209100031
2024-02-18,74.1203,2024,2,0.11974,54.835225,61209100051
2024-03-05,74.0503,2024,3,0.10956,122.298869,61209100051
2024-03-05,76.9779,2024,3,0.81696,550.146444,61209100031
2024-03-05,57.4994,2024,3,0.10035,1800.559646,61207000171
2024-03-05,59.9588,2024,3,0.09529,1124.240004,61207000161
2024-03-10,55.0695,2024,3,0.19341,463.627272,61207000161
2024-03-10,57.7272,2024,3,0.09195,663.51903,61207000171
2024-03-10,74.4616,2024,3,0.13136,47.800283,61209100051
2024-03-10,77.6062,2024,3,0.09106,847.826556,61209100031
2024-03-26,77.0337,2024,3,0.81645,653.662109,61209100031
2024-03-26,75.1065,2024,3,0.09664,173.839742,61209100051
2024-03-26,59.1311,2024,3,0.10267,1590.877309,61207000171
2024-03-26,55.2717,2024,3,0.09398,961.097057,61207000161
2024-04-16,74.6034,2024,4,0.10932,168.434029,61209100051
2024-04-16,77.3606,2024,4,0.81604,601.630748,61209100031
2024-04-16,58.9165,2024,4,0.09607,2241.222183,61207000171
2024-04-16,55.1397,2024,4,0.0928,1156.356474,61207000161
2024-04-21,55.7592,2024,4,0.12389,483.185191,61207000161
2024-04-21,58.3211,2024,4,0.09149,915.066779,61207000171
2024-04-21,75.2247,2024,4,0.14485,42.205415,61209100051
2024-04-21,78.2194,2024,4,0.09102,865.79922,61209100031
2024-05-12,57.961,2024,5,0.09557,682.949032,61207000161
2024-05-12,60.6789,2024,5,0.09586,509.20987,61207000171
2024-05-12,77.5369,2024,5,0.11097,101.153901,61209100051
2024-05-12,80.0817,2024,5,0.09081,1173.406653,61209100031
2024-05-28,76.3836,2024,5,0.10631,323.07249,61209100051
2024-05-28,78.7605,2024,5,0.8158,710.647253,61209100031
2024-05-28,59.9551,2024,5,0.15565,1812.417739,61207000171
2024-05-28,56.8238,2024,5,0.09158,1881.965086,61207000161
2024-06-01,57.2006,2024,6,0.09301,880.21479,61207000161
2024-06-01,59.8242,2024,6,0.09209,924.143609,61207000171
2024-06-01,79.2684,2024,6,0.09082,995.581852,61209100031
2024-06-01,77.0128,2024,6,0.10123,172.243407,61209100051
2024-06-18,76.5633,2024,6,0.09982,282.698432,61209100051
2024-06-18,79.0804,2024,6,0.78657,620.796504,61209100031
2024-06-18,60.8659,2024,6,0.13773,1958.059888,61207000171
2024-06-18,57.1096,2024,6,0.09174,1587.433575,61207000161
2024-06-22,57.4558,2024,6,0.09312,1006.878705,61207000161
2024-06-22,60.0873,2024,6,0.09224,740.016074,61207000171
2024-06-22,79.3393,2024,6,0.09087,1021.434891,61209100031
2024-06-22,76.3659,2024,6,0.10496,84.020685,61209100051
2024-07-09,77.0353,2024,7,0.095,449.793198,61209100051
2024-07-09,83.013,2024,7,0.79113,655.970003,61209100031
2024-07-09,65.7007,2024,7,0.10845,2683.304394,61207000171
2024-07-09,65.2514,2024,7,0.09579,1466.460871,61207000161
2024-07-30,75.2958,2024,7,0.10285,170.59075,61209100051
2024-07-30,77.7672,2024,7,0.81766,600.7616,61209100031
2024-07-30,68.7715,2024,7,0.10253,2315.415423,61207000171
2024-07-30,79.2588,2024,7,0.10086,1271.860572,61207000161
2024-08-03,56.082,2024,8,0.13626,83.288015,61207000161
2024-08-03,58.3543,2024,8,0.0917,781.26225,61207000171
2024-08-03,77.7907,2024,8,0.09108,831.131938,61209100031
2024-08-03,74.6966,2024,8,0.09961,115.220623,61209100051
2024-08-19,74.7018,2024,8,0.09917,164.20612,61209100051
2024-08-19,77.8029,2024,8,0.81594,636.529818,61209100031
2024-08-19,58.6489,2024,8,0.10365,2058.785691,61207000171
2024-08-19,56.1592,2024,8,0.09255,1431.89966,61207000161
2024-08-24,56.6151,2024,8,0.12624,198.359919,61207000161
2024-08-24,58.9725,2024,8,0.09625,470.863993,61207000171
2024-08-24,75.0969,2024,8,0.11105,109.315555,61209100051
2024-08-24,78.0116,2024,8,0.09115,901.492883,61209100031
2024-09-09,77.4389,2024,9,0.81622,632.007151,61209100031
2024-09-09,74.626,2024,9,0.09786,128.711166,61209100051
2024-09-09,58.5163,2024,9,0.09704,2014.562043,61207000171
2024-09-09,55.8914,2024,9,0.09407,1381.527778,61207000161
2024-09-14,56.3344,2024,9,0.13407,43.171379,61207000161
2024-09-14,58.3006,2024,9,0.09365,403.078806,61207000171
2024-09-14,77.5706,2024,9,0.09134,807.235263,61209100031
2024-09-14,75.1409,2024,9,0.10283,89.161406,61209100051
2024-09-30,78.6261,2024,9,0.78992,580.310789,61209100031
2024-09-30,76.8741,2024,9,0.09462,178.935782,61209100051
2024-09-30,59.5337,2024,9,0.10133,1912.408132,61207000171
2024-09-30,56.7542,2024,9,0.09173,1523.602737,61207000161
2024-10-05,56.394,2024,10,0.43634,5.492923,61207000161
2024-10-05,59.0072,2024,10,0.16899,359.400834,61207000171
2024-10-05,75.3826,2024,10,0.12749,62.671975,61209100051
2024-10-05,78.1926,2024,10,0.09112,927.450672,61209100031
2024-10-21,75.8583,2024,10,0.09456,175.247461,61209100051
2024-10-21,78.2634,2024,10,0.8167,658.597723,61209100031
2024-10-21,58.8526,2024,10,0.10475,2307.516578,61207000171
2024-10-21,56.1868,2024,10,0.10271,1276.473764,61207000161
2024-11-11,78.9486,2024,11,0.86085,392.514967,61209100031
2024-11-11,77.1123,2024,11,0.10496,86.731104,61209100051
2024-11-11,59.3234,2024,11,0.09563,1641.475714,61207000171
2024-11-11,56.7594,2024,11,0.17496,753.452893,61207000161
2024-12-02,78.7521,2024,12,0.79337,592.362008,61209100031
2024-12-02,76.0109,2024,12,0.10638,172.163245,61209100051
2024-12-02,66.196,2024,12,0.1005,2676.204507,61207000171
2024-12-02,73.0553,2024,12,0.11272,1736.829535,61207000161
2024-12-06,56.4892,2024,12,0.09286,994.483129,61207000161
2024-12-06,59.2005,2024,12,0.09331,786.870624,61207000171
2024-12-06,75.6232,2024,12,0.11207,68.951674,61209100051
2024-12-06,78.6186,2024,12,0.09086,986.175661,61209100031
2024-12-23,75.9541,2024,12,0.11092,179.318383,61209100051
2024-12-23,78.4711,2024,12,0.81617,664.288841,61209100031
2024-12-23,58.9082,2024,12,0.10228,1737.807427,61207000171
2024-12-23,55.9603,2024,12,0.09211,1405.945804,61207000161
2024-12-27,56.1885,2024,12,0.09263,1101.729937,61207000161
2024-12-27,58.8948,2024,12,0.09161,945.732916,61207000171
2024-12-27,75.6481,2024,12,0.10706,89.735691,61209100051
2024-12-27,78.9247,2024,12,0.09088,988.729718,61209100031
2025-01-12,76.3697,2025,1,0.1388,103.940975,61209100051
2025-01-12,79.2992,2025,1,0.81596,702.687616,61209100031
2025-01-12,60.0774,2025,1,0.09982,2362.545866,61207000171
2025-01-12,57.1875,2025,1,0.09146,1553.810845,61207000161
2025-01-17,56.5399,2025,1,0.12607,20.710551,61207000161
2025-01-17,58.8947,2025,1,0.09542,316.127789,61207000171
2025-01-17,78.1989,2025,1,0.09105,875.563291,61209100031
2025-01-17,75.0272,2025,1,0.14328,66.131964,61209100051
2025-02-02,74.4931,2025,2,0.1124,146.326692,61209100051
2025-02-02,77.7026,2025,2,0.81625,593.17697,61209100031
2025-02-02,57.6501,2025,2,0.09585,2138.729121,61207000171
2025-02-02,55.5824,2025,2,0.09812,1238.684266,61207000161
2025-02-07,56.1798,2025,2,0.13845,247.464994,61207000161
2025-02-07,58.72,2025,2,0.09511,359.631677,61207000171
2025-02-07,75.2762,2025,2,0.17832,54.849329,61209100051
2025-02-07,78.3207,2025,2,0.09101,908.461947,61209100031
2025-02-23,76.9233,2025,2,0.10305,178.521667,61209100051
2025-02-23,79.4855,2025,2,0.81617,616.055082,61209100031
2025-02-23,61.4139,2025,2,0.11154,2479.51046,61207000171
2025-02-23,56.8671,2025,2,0.09201,1810.969661,61207000161
2025-03-16,76.5818,2025,3,0.10354,126.192562,61209100051
2025-03-16,79.4179,2025,3,0.78336,613.583441,61209100031
2025-03-16,61.5596,2025,3,0.10153,1650.203222,61207000171
2025-03-16,57.7185,2025,3,0.09887,1761.706574,61207000161
2025-03-21,56.8786,2025,3,0.26962,38.672248,61207000161
2025-03-21,60.0573,2025,3,0.09222,703.274973,61207000171
2025-03-21,76.8302,2025,3,0.09894,121.610922,61209100051
2025-03-21,79.8501,2025,3,0.09093,1050.275337,61209100031
2025-04-06,76.7302,2025,4,0.13349,138.940523,61209100051
2025-04-06,79.2409,2025,4,0.788,594.469058,61209100031
2025-04-06,59.6187,2025,4,0.13746,1704.938804,61207000171
2025-04-06,57.2973,2025,4,0.0916,2172.04808,61207000161
2025-04-10,57.458,2025,4,0.09268,980.571149,61207000161
2025-04-10,60.216,2025,4,0.09146,1120.555314,61207000171
2025-04-10,77.4971,2025,4,0.0971,137.453936,61209100051
2025-04-10,79.9246,2025,4,0.09087,1062.639533,61209100031
2025-04-27,77.5512,2025,4,0.09944,367.80933,61209100051
2025-04-27,79.7444,2025,4,0.78189,692.251713,61209100031
2025-04-27,72.4953,2025,4,0.12481,2849.925277,61207000171
2025-04-27,83.9581,2025,4,0.0965,1640.414596,61207000161
2025-05-01,58.0574,2025,5,0.09247,1261.637337,61207000161
2025-05-01,60.8034,2025,5,0.09148,1059.520525,61207000171
2025-05-01,77.7439,2025,5,0.09728,196.093591,61209100051
2025-05-01,80.3526,2025,5,0.09078,1190.011665,61209100031
2025-05-18,79.8792,2025,5,0.81613,711.399385,61209100031
2025-05-18,77.5941,2025,5,0.10249,439.273363,61209100051
2025-05-18,60.4684,2025,5,0.21929,1512.414863,61207000171
2025-05-18,57.6961,2025,5,0.0942,1843.133449,61207000161
2025-05-22,58.2193,2025,5,0.10256,325.232822,61207000161
2025-05-22,61.0359,2025,5,0.09192,1123.447953,61207000171
2025-05-22,77.7781,2025,5,0.10644,225.648965,61209100051
2025-05-22,80.3981,2025,5,0.09081,1326.148635,61209100031
2025-06-07,76.6799,2025,6,0.1092,260.685055,61209100051
2025-06-07,79.3881,2025,6,0.81675,750.999933,61209100031
2025-06-07,64.1415,2025,6,0.10886,1963.475639,61207000171
2025-06-07,64.5656,2025,6,0.09867,1321.412342,61207000161
2025-06-12,57.3546,2025,6,0.09331,966.471826,61207000161
2025-06-12,60.0962,2025,6,0.09258,1105.077197,61207000171
2025-06-12,79.6638,2025,6,0.09088,1035.067001,61209100031
2025-06-12,76.8057,2025,6,0.13891,84.850396,61209100051
2025-06-28,76.3799,2025,6,0.10264,265.236691,61209100051
2025-06-28,79.534,2025,6,0.81601,684.632164,61209100031
2025-06-28,61.2274,2025,6,0.10148,2528.952695,61207000171
2025-06-28,57.2559,2025,6,0.09196,1705.569942,61207000161
2025-07-03,56.8166,2025,7,0.11092,215.611081,61207000161
2025-07-03,59.4257,2025,7,0.09308,562.665908,61207000171
2025-07-03,76.1596,2025,7,0.11394,77.687319,61209100051
2025-07-03,78.9295,2025,7,0.09096,969.861414,61209100031
2025-07-19,75.885,2025,7,0.09819,138.990128,61209100051
2025-07-19,79.0205,2025,7,0.7861,594.649757,61209100031
2025-07-19,58.4582,2025,7,0.10031,1508.371033,61207000171
2025-07-19,56.6187,2025,7,0.09184,1485.545126,61207000161
2025-07-24,56.833,2025,7,0.12973,39.571396,61207000161
2025-07-24,59.263,2025,7,0.09285,469.353355,61207000171
2025-07-24,75.9058,2025,7,0.1358,62.649808,61209100051
2025-07-24,78.5917,2025,7,0.09092,955.217375,61209100031
2025-08-09,78.4008,2025,8,0.81634,659.441056,61209100031
2025-08-09,75.4932,2025,8,0.09707,157.570874,61209100051
2025-08-09,58.8825,2025,8,0.12087,2277.807539,61207000171
2025-08-09,56.1052,2025,8,0.09436,1691.005433,61207000161
2025-08-14,56.6867,2025,8,0.11975,18.722847,61207000161
2025-08-14,59.2029,2025,8,0.09447,391.62805,61207000171
2025-08-14,75.706,2025,8,0.1043,85.06472,61209100051
2025-08-14,78.5265,2025,8,0.09099,907.088064,61209100031
2025-08-30,78.2511,2025,8,0.81789,659.311729,61209100031
2025-08-30,75.262,2025,8,0.11107,122.249712,61209100051
2025-08-30,58.2501,2025,8,0.09935,2336.775076,61207000171
2025-08-30,56.0368,2025,8,0.09155,1772.249117,61207000161
2025-09-03,56.1296,2025,9,0.09467,701.694056,61207000161
2025-09-03,58.8754,2025,9,0.09191,659.248561,61207000171
2025-09-03,75.7514,2025,9,0.17022,56.464191,61209100051
2025-09-03,78.5553,2025,9,0.0909,941.828497,61209100031
2025-09-20,79.0643,2025,9,0.8127,608.992991,61209100031
2025-09-20,76.6948,2025,9,0.09889,174.917841,61209100051
2025-09-20,59.3425,2025,9,0.09839,1922.375132,61207000171
2025-09-20,58.3469,2025,9,0.10442,1099.002019,61207000161
2025-09-24,56.2011,2025,9,0.09265,956.405415,61207000161
2025-09-24,58.9241,2025,9,0.09171,773.451293,61207000171
2025-09-24,75.3196,2025,9,0.10485,104.853315,61209100051
2025-09-24,78.3364,2025,9,0.09087,962.906786,61209100031
2025-10-11,79.0976,2025,10,0.81026,652.255768,61209100031
2025-10-11,76.2651,2025,10,0.09711,163.041152,61209100051
2025-10-11,63.6137,2025,10,0.10204,1895.074547,61207000171
2025-10-11,64.1936,2025,10,0.1009,1483.615308,61207000161
2025-10-15,57.189,2025,10,0.09184,1425.747012,61207000161
2025-10-15,59.9365,2025,10,0.09143,1322.132984,61207000171
2025-10-15,79.1256,2025,10,0.0909,972.98077,61209100031
2025-10-15,76.8402,2025,10,0.09952,119.870632,61209100051
2025-11-01,77.358,2025,11,0.09892,360.574507,61209100051
2025-11-01,79.475,2025,11,0.81611,721.193229,61209100031
2025-11-01,61.2935,2025,11,0.10504,2328.541737,61207000171
2025-11-01,57.78,2025,11,0.0917,1716.130875,61207000161
2025-11-05,57.3499,2025,11,0.09282,1184.008108,61207000161
2025-11-05,60.117,2025,11,0.09206,1237.95143,61207000171
2025-11-05,79.4246,2025,11,0.09088,1019.396966,61209100031
2025-11-05,76.6698,2025,11,0.10495,104.388111,61209100051
2025-11-21,77.46,2025,11,0.09786,393.106161,61209100051
2025-11-21,79.9021,2025,11,0.81605,708.457315,61209100031
2025-11-21,62.0406,2025,11,0.11573,1592.634798,61207000171
2025-11-21,57.7642,2025,11,0.0918,1574.602679,61207000161
2025-11-26,57.3947,2025,11,0.11414,57.357187,61207000161
2025-11-26,60.3186,2025,11,0.09265,995.531999,61207000171
2025-11-26,77.176,2025,11,0.11774,137.584403,61209100051
2025-11-26,79.453,2025,11,0.091,972.121942,61209100031
2025-12-12,78.7478,2025,12,0.82726,687.487659,61209100031
2025-12-12,75.6544,2025,12,0.11346,166.905663,61209100051
2025-12-12,58.7745,2025,12,0.21952,1535.733807,61207000171
2025-12-12,56.2934,2025,12,0.09341,1503.485716,61207000161
2025-12-17,56.5629,2025,12,0.0948,584.090963,61207000161
2025-12-17,59.3412,2025,12,0.09223,1074.038507,61207000171
2025-12-17,76.3552,2025,12,0.10844,101.066891,61209100051
2025-12-17,78.7348,2025,12,0.0911,959.911475,61209100031
